{
 "client_number": 5,
 "server_number": 1,
 "dispatcher_number": 1,
 "client_thread": 5,
 "cpu": {
  "client": 0.4,
  "server": 0.3,
  "dispatcher": 0.3
 },
 "dns_links": [
  [
   0,
   2
  ],
  [
   1,
   2
  ],
  [
   2,
   3
  ],
  [
   4,
   2
  ],
  [
   5,
   6
  ],
  [
   6,
   7
  ],
  [
   8,
   9
  ],
  [
   9,
   14
  ],
  [
   10,
   13
  ],
  [
   11,
   13
  ],
  [
   12,
   13
  ],
  [
   13,
   14
  ]
 ],
 "dns_outers": [
  [
   0,
   1
  ],
  [
   4
  ],
  [
   5
  ],
  [
   8
  ],
  [
   10
  ],
  [
   11,
   12
  ]
 ],
 "client_zone": [
  0,
  0,
  0,
  0,
  0
 ],
 "server_zone": [
  0,
  0,
  0,
  0,
  1,
  2,
  2,
  2,
  3,
  3,
  4,
  5,
  5,
  5,
  5
 ],
 "dispatcher_zone": [
  0
 ],
 "bw": {
  "client_server": [
   [
    3.6858316221765914
   ],
   [
    2.222792607802875
   ],
   [
    2.222792607802875
   ],
   [
    2.222792607802875
   ],
   [
    4.9435318275154
   ]
  ],
  "client_dispatcher": [
   [
    1.303901437371663
   ],
   [
    4.922997946611909
   ],
   [
    4.922997946611909
   ],
   [
    4.922997946611909
   ],
   [
    2.453798767967146
   ]
  ],
  "dispatcher_server": [
   [
    2.222792607802875
   ]
  ]
 },
 "delay": {
  "client_server": [
   [
    33.894
   ],
   [
    57.771
   ],
   [
    57.771
   ],
   [
    57.771
   ],
   [
    13.424
   ]
  ],
  "client_dispatcher": [
   [
    89.745
   ],
   [
    0.841
   ],
   [
    0.841
   ],
   [
    0.841
   ],
   [
    50.721
   ]
  ],
  "dispatcher_server": [
   [
    57.771
   ]
  ]
 }
}