{
 "client_number": 105,
 "server_number": 1,
 "dispatcher_number": 1,
 "client_thread": 1,
 "cpu": {
  "client": 0.4,
  "server": 0.3,
  "dispatcher": 0.3
 },
 "dns_links": [
  [
   0,
   2
  ],
  [
   1,
   2
  ],
  [
   2,
   3
  ],
  [
   4,
   2
  ],
  [
   5,
   6
  ],
  [
   6,
   7
  ],
  [
   8,
   9
  ],
  [
   9,
   14
  ],
  [
   10,
   13
  ],
  [
   11,
   13
  ],
  [
   12,
   13
  ],
  [
   13,
   14
  ]
 ],
 "dns_outers": [
  [
   0,
   1
  ],
  [
   4
  ],
  [
   5
  ],
  [
   8
  ],
  [
   10
  ],
  [
   11,
   12
  ]
 ],
 "client_zone": [
  0,
  0,
  0,
  0,
  0,
  0,
  0,
  0,
  0,
  0,
  0,
  0,
  0,
  0,
  0,
  0,
  0,
  0,
  0,
  0,
  0,
  0,
  0,
  0,
  0,
  0,
  0,
  0,
  0,
  0,
  0,
  0,
  0,
  0,
  0,
  0,
  0,
  0,
  0,
  0,
  0,
  0,
  0,
  0,
  0,
  0,
  0,
  0,
  0,
  0,
  0,
  0,
  0,
  0,
  0,
  0,
  0,
  0,
  0,
  0,
  0,
  0,
  0,
  0,
  0,
  0,
  0,
  0,
  0,
  0,
  0,
  0,
  0,
  0,
  0,
  0,
  0,
  0,
  0,
  0,
  0,
  0,
  0,
  0,
  0,
  0,
  0,
  0,
  0,
  0,
  0,
  0,
  0,
  0,
  0,
  0,
  0,
  0,
  0,
  0,
  0,
  0,
  0,
  0,
  0
 ],
 "server_zone": [
  0,
  0,
  0,
  0,
  1,
  2,
  2,
  2,
  3,
  3,
  4,
  5,
  5,
  5,
  5
 ],
 "dispatcher_zone": [
  0
 ],
 "bw": {
  "client_server": [
   [
    1.1036960985626283
   ],
   [
    4.907597535934292
   ],
   [
    3.326488706365503
   ],
   [
    3.6858316221765914
   ],
   [
    3.6858316221765914
   ],
   [
    4.9435318275154
   ],
   [
    1.1036960985626283
   ],
   [
    3.1006160164271046
   ],
   [
    3.1006160164271046
   ],
   [
    3.6858316221765914
   ],
   [
    3.6858316221765914
   ],
   [
    2.222792607802875
   ],
   [
    2.222792607802875
   ],
   [
    3.1006160164271046
   ],
   [
    3.6858316221765914
   ],
   [
    1.1036960985626283
   ],
   [
    3.1006160164271046
   ],
   [
    3.326488706365503
   ],
   [
    1.1036960985626283
   ],
   [
    0.9342915811088295
   ],
   [
    2.222792607802875
   ],
   [
    1.1036960985626283
   ],
   [
    4.9435318275154
   ],
   [
    3.326488706365503
   ],
   [
    2.222792607802875
   ],
   [
    1.1036960985626283
   ],
   [
    3.326488706365503
   ],
   [
    1.1036960985626283
   ],
   [
    3.1006160164271046
   ],
   [
    2.222792607802875
   ],
   [
    3.326488706365503
   ],
   [
    3.1006160164271046
   ],
   [
    2.222792607802875
   ],
   [
    1.1036960985626283
   ],
   [
    0.9342915811088295
   ],
   [
    4.907597535934292
   ],
   [
    4.9435318275154
   ],
   [
    0.9342915811088295
   ],
   [
    4.907597535934292
   ],
   [
    1.1036960985626283
   ],
   [
    1.1036960985626283
   ],
   [
    0.9342915811088295
   ],
   [
    1.1036960985626283
   ],
   [
    4.907597535934292
   ],
   [
    3.6858316221765914
   ],
   [
    4.9435318275154
   ],
   [
    3.1006160164271046
   ],
   [
    4.9435318275154
   ],
   [
    3.6858316221765914
   ],
   [
    0.9342915811088295
   ],
   [
    4.9435318275154
   ],
   [
    2.222792607802875
   ],
   [
    3.6858316221765914
   ],
   [
    0.9342915811088295
   ],
   [
    1.1036960985626283
   ],
   [
    0.9342915811088295
   ],
   [
    2.222792607802875
   ],
   [
    0.9342915811088295
   ],
   [
    3.1006160164271046
   ],
   [
    3.326488706365503
   ],
   [
    3.326488706365503
   ],
   [
    4.9435318275154
   ],
   [
    3.6858316221765914
   ],
   [
    4.9435318275154
   ],
   [
    2.222792607802875
   ],
   [
    3.326488706365503
   ],
   [
    3.1006160164271046
   ],
   [
    0.9342915811088295
   ],
   [
    4.907597535934292
   ],
   [
    1.1036960985626283
   ],
   [
    1.1036960985626283
   ],
   [
    4.9435318275154
   ],
   [
    2.222792607802875
   ],
   [
    2.222792607802875
   ],
   [
    1.1036960985626283
   ],
   [
    4.907597535934292
   ],
   [
    3.6858316221765914
   ],
   [
    3.6858316221765914
   ],
   [
    3.1006160164271046
   ],
   [
    3.6858316221765914
   ],
   [
    0.9342915811088295
   ],
   [
    4.907597535934292
   ],
   [
    2.222792607802875
   ],
   [
    3.326488706365503
   ],
   [
    3.1006160164271046
   ],
   [
    4.9435318275154
   ],
   [
    3.1006160164271046
   ],
   [
    3.6858316221765914
   ],
   [
    3.6858316221765914
   ],
   [
    4.9435318275154
   ],
   [
    0.9342915811088295
   ],
   [
    4.907597535934292
   ],
   [
    3.6858316221765914
   ],
   [
    4.9435318275154
   ],
   [
    4.907597535934292
   ],
   [
    4.9435318275154
   ],
   [
    4.907597535934292
   ],
   [
    4.9435318275154
   ],
   [
    4.907597535934292
   ],
   [
    1.1036960985626283
   ],
   [
    4.9435318275154
   ],
   [
    0.9342915811088295
   ],
   [
    3.6858316221765914
   ],
   [
    3.1006160164271046
   ],
   [
    3.6858316221765914
   ]
  ],