{
 "client_number": 3,
 "server_number": 3,
 "dispatcher_number": 3,
 "client_thread": 5,
 "cpu": {
  "client": 0.4,
  "server": 0.3,
  "dispatcher": 0.3
 },
 "dns_links": [
  [
   0,
   2
  ],
  [
   1,
   2
  ],
  [
   2,
   3
  ],
  [
   4,
   2
  ],
  [
   5,
   6
  ],
  [
   6,
   7
  ],
  [
   8,
   9
  ],
  [
   9,
   14
  ],
  [
   10,
   13
  ],
  [
   11,
   13
  ],
  [
   12,
   13
  ],
  [
   13,
   14
  ]
 ],
 "dns_outers": [
  [
   0,
   1
  ],
  [
   4
  ],
  [
   5
  ],
  [
   8
  ],
  [
   10
  ],
  [
   11,
   12
  ]
 ],
 "client_zone": [
  0,
  0,
  0
 ],
 "server_zone": [
  0,
  0,
  0,
  0,
  1,
  2,
  2,
  2,
  3,
  3,
  4,
  5,
  5,
  5,
  5
 ],
 "dispatcher_zone": [
  0,
  1,
  2
 ],
 "bw": {
  "client_server": [
   [
    4.9435318275154,
    3.213552361396304,
    1.0677618069815196
   ],
   [
    2.222792607802875,
    1.4219712525667352,
    1.406570841889117
   ],
   [
    2.222792607802875,
    1.4219712525667352,
    1.406570841889117
   ]
  ],
  "client_dispatcher": [
   [
    2.453798767967146,
    0.8829568788501028,
    0.37474332648870634
   ],
   [
    4.922997946611909,
    1.072895277207392,
    0.28080082135523615
   ],
   [
    4.922997946611909,
    1.072895277207392,
    0.28080082135523615
   ]
  ],
  "dispatcher_server": [
   [
    2.222792607802875,
    1.4219712525667352,
    1.406570841889117
   ],
   [
    0.7854209445585215,
    0.7546201232032854,
    0.7084188911704312
   ],
   [
    0.3968172484599589,
    0.37474332648870634,
    0.23870636550308008
   ]
  ]
 },
 "delay": {
  "client_server": [
   [
    13.424,
    36.257,
    107.108
   ],
   [
    57.771,
    83.747,
    82.171
   ],
   [
    57.771,
    83.747,
    82.171
   ]
  ],
  "client_dispatcher": [
   [
    50.721,
    128.69,
    267.772
   ],
   [
    0.841,
    108.277,
    317.865
   ],
   [
    0.841,
    108.277,
    317.865
   ]
  ],
  "dispatcher_server": [
   [
    57.771,
    83.747,
    82.171
   ],
   [
    142.229,
    148.135,
    158.908
   ],
   [
    255.998,
    255.21,
    367.66
   ]
  ]
 }
}