{
 "client_number": 3,
 "server_number": 1,
 "dispatcher_number": 1,
 "client_thread": 5,
 "cpu": {
  "client": 0.4,
  "server": 0.3,
  "dispatcher": 0.3
 },
 "dns_links": [
  [
   0,
   2
  ],
  [
   1,
   2
  ],
  [
   2,
   3
  ],
  [
   4,
   2
  ],
  [
   5,
   6
  ],
  [
   6,
   7
  ],
  [
   8,
   9
  ],
  [
   9,
   14
  ],
  [
   10,
   13
  ],
  [
   11,
   13
  ],
  [
   12,
   13
  ],
  [
   13,
   14
  ]
 ],
 "dns_outers": [
  [
   0,
   1
  ],
  [
   4
  ],
  [
   5
  ],
  [
   8
  ],
  [
   10
  ],
  [
   11,
   12
  ]
 ],
 "client_zone": [
  0,
  0,
  0
 ],
 "server_zone": [
  0,
  0,
  0,
  0,
  1,
  2,
  2,
  2,
  3,
  3,
  4,
  5,
  5,
  5,
  5
 ],
 "dispatcher_zone": [
  0
 ],
 "bw": {
  "client_server": [
   [
    4.907597535934292,
    3.326488706365503,
    0.9342915811088295
   ],
   [
    1.1036960985626283,
    0.9086242299794661,
    4.887063655030801
   ],
   [
    4.9435318275154,
    3.213552361396304,
    1.0677618069815196
   ]
  ],
  "client_dispatcher": [
   [
    2.222792607802875
   ],
   [
    1.6119096509240247
   ],
   [
    2.453798767967146
   ]
  ],
  "dispatcher_server": [
   [
    2.222792607802875,
    1.4219712525667352,
    1.406570841889117
   ]
  ]
 },
 "delay": {
  "client_server": [
   [
    1.086,
    36.365,
    121.208
   ],
   [
    109.05,
    120.505,
    23.991
   ],
   [
    13.424,
    36.257,
    107.108
   ]
  ],
  "client_dispatcher": [
   [
    57.771
   ],
   [
    73.282
   ],
   [
    50.721
   ]
  ],
  "dispatcher_server": [
   [
    57.771,
    83.747,
    82.171
   ]
  ]
 }
}